-- phpMyAdmin SQL Dump
-- version 4.5.1
-- http://www.phpmyadmin.net
--
-- Host: 127.0.0.1
-- Generation Time: Jun 09, 2018 at 02:33 PM
-- Server version: 10.1.13-MariaDB
-- PHP Version: 5.6.23

SET SQL_MODE = "NO_AUTO_VALUE_ON_ZERO";
SET time_zone = "+00:00";


/*!40101 SET @OLD_CHARACTER_SET_CLIENT=@@CHARACTER_SET_CLIENT */;
/*!40101 SET @OLD_CHARACTER_SET_RESULTS=@@CHARACTER_SET_RESULTS */;
/*!40101 SET @OLD_COLLATION_CONNECTION=@@COLLATION_CONNECTION */;
/*!40101 SET NAMES utf8mb4 */;

--
-- Database: `bsm`
--

-- --------------------------------------------------------

--
-- Table structure for table `area`
--

CREATE TABLE `area` (
  `id` int(11) NOT NULL,
  `id_wilayah` int(11) NOT NULL,
  `kode_area` varchar(255) NOT NULL,
  `nama_area` varchar(255) NOT NULL
) ENGINE=InnoDB DEFAULT CHARSET=latin1;

--
-- Dumping data for table `area`
--

INSERT INTO `area` (`id`, `id_wilayah`, `kode_area`, `nama_area`) VALUES
(1, 1, 'ID0010011', 'AREA ACEH'),
(2, 1, 'ID0010034', 'AREA BATAM'),
(3, 1, 'ID0010008', 'AREA MEDAN AHMAD YANI'),
(4, 1, 'ID0010353', 'AREA MEDAN GAJAH MADA'),
(5, 1, 'ID0010022', 'AREA PEKANBARU'),
(6, 1, 'ID0010049', 'AREA PEMATANGSIANTAR'),
(7, 2, 'ID0010037', 'AREA BANDAR LAMPUNG'),
(8, 2, 'ID0010032', 'AREA JAMBI'),
(9, 2, 'ID0010027', 'AREA PADANG'),
(10, 2, 'ID0010019', 'AREA PALEMBANG'),
(11, 3, 'ID0010007', 'AREA BEKASI'),
(12, 3, 'ID0010017', 'AREA BOGOR'),
(13, 3, 'ID0010003', 'AREA JAKARTA HASANUDIN'),
(14, 3, 'ID0010045', 'AREA JAKARTA KEBON JERUK'),
(15, 3, 'ID0010058', 'AREA JAKARTA KELAPA GADING'),
(16, 3, 'ID0010004', 'AREA JAKARTA MAYESTIK'),
(17, 3, 'ID0010061', 'AREA JAKARTA PONDOK KELAPA'),
(18, 3, 'ID0010002', 'AREA JAKARTA THAMRIN'),
(19, 4, 'ID0010357', 'AREA BANDUNG AHMAD YANI'),
(20, 4, 'ID0010009', 'AREA BANDUNG DAGO'),
(21, 4, 'ID0010024', 'AREA CIREBON'),
(22, 4, 'ID0010040', 'AREA SEMARANG'),
(23, 4, 'ID0010013', 'AREA SOLO'),
(24, 4, 'ID0010029', 'AREA YOGYAKARTA'),
(25, 5, 'ID0010053', 'AREA DENPASAR'),
(26, 5, 'ID0010051', 'AREA JEMBER'),
(27, 5, 'ID0010028', 'AREA MALANG'),
(28, 5, 'ID0010010', 'AREA SURABAYA DARMO'),
(29, 5, 'ID0010106', 'AREA SURABAYA JEMUR HANDAYANI'),
(30, 6, 'ID0010023', 'AREA BALIKPAPAN'),
(31, 6, 'ID0010016', 'AREA BANJARMASIN'),
(32, 6, 'ID0010026', 'AREA PONTIANAK'),
(33, 7, 'ID0010054', 'AREA JAYAPURA'),
(34, 7, 'ID0010015', 'AREA MAKASSAR'),
(35, 7, 'ID0010038', 'AREA PALU');

-- --------------------------------------------------------

--
-- Table structure for table `cabang`
--

CREATE TABLE `cabang` (
  `id` int(11) NOT NULL,
  `id_area` int(11) NOT NULL,
  `kode_cabang` varchar(255) NOT NULL,
  `nama_cabang` varchar(255) NOT NULL
) ENGINE=InnoDB DEFAULT CHARSET=latin1;

--
-- Dumping data for table `cabang`
--

INSERT INTO `cabang` (`id`, `id_area`, `kode_cabang`, `nama_cabang`) VALUES
(1, 1, 'ID0010011', 'KC ACEH'),
(2, 1, 'ID0010365', 'KC LHOKSEUMAWE'),
(3, 1, 'ID0010111', 'KC MEULABOH'),
(4, 1, 'ID0010216', 'KCP ACEH DARUSSALAM'),
(5, 1, 'ID0010495', 'KCP ACEH ULEE KARENG'),
(6, 1, 'ID0010210', 'KCP BIREUEUN'),
(7, 1, 'ID0010277', 'KCP CALANG'),
(8, 1, 'ID0010217', 'KCP JANTHO'),
(9, 1, 'ID0010278', 'KCP MEUREUDU'),
(10, 1, 'ID0010561', 'KCP SABANG'),
(11, 1, 'ID0010215', 'KCP SIGLI'),
(12, 1, 'ID0010652', 'KCP TAKENGON'),
(13, 1, 'ID0010677', 'KFO POS BANDA ACEH'),
(14, 1, 'ID0010620', 'KK BEUREUNEUN'),
(15, 2, 'ID0010034', 'KC BATAM'),
(16, 2, 'ID0010059', 'KC TANJUNG PINANG'),
(17, 2, 'ID0010568', 'KCP ANAMBAS'),
(18, 2, 'ID0010312', 'KCP BATAM BATU AJI'),
(19, 2, 'ID0010417', 'KCP BATAM BENGKONG'),
(20, 2, 'ID0010672', 'KCP BATAM BOTANIA GARDEN'),
(21, 2, 'ID0010313', 'KCP BATAM CENTER'),
(22, 2, 'ID0010224', 'KCP BATAMINDO'),
(23, 2, 'ID0010475', 'KCP BINTAN CENTER'),
(24, 2, 'ID0010342', 'KCP NATUNA'),
(25, 2, 'ID0010172', 'KCP TANJUNG BALAI KARIMUN'),
(26, 2, 'ID0010228', 'KCP TANJUNG UBAN'),
(27, 2, 'ID0010725', 'KFO POS BATAM'),
(28, 2, 'ID0010418', 'KK BATAM SEKUPANG'),
(29, 2, 'ID0010718', 'KK JEMAJA'),
(30, 3, 'ID0010361', 'KC LUBUK PAKAM'),
(31, 3, 'ID0010008', 'KC MEDAN'),
(32, 3, 'ID0010089', 'KC MEDAN AKSARA'),
(33, 3, 'ID0010088', 'KC MEDAN KAMPUNG BARU'),
(34, 3, 'ID0010267', 'KCP MEDAN BELAWAN'),
(35, 3, 'ID0010266', 'KCP MEDAN KRAKATAU'),
(36, 3, 'ID0010486', 'KCP MEDAN MARELAN RAYA'),
(37, 3, 'ID0010544', 'KCP MEDAN MUCHTAR BASRI'),
(38, 3, 'ID0010545', 'KCP MEDAN PADANG BULAN'),
(39, 3, 'ID0010270', 'KCP MEDAN PULO BRAYAN'),
(40, 3, 'ID0010214', 'KCP MEDAN SIMPANG LIMUN'),
(41, 3, 'ID0010507', 'KCP MEDAN SUKARAMAI'),
(42, 3, 'ID0010268', 'KCP MEDAN TOMANG ELOK'),
(43, 3, 'ID0010613', 'KCP PERBAUNGAN'),
(44, 4, 'ID0010047', 'KC BINJAI'),
(45, 4, 'ID0010055', 'KC LANGSA'),
(46, 4, 'ID0010353', 'KC MEDAN GAJAH MADA'),
(47, 4, 'ID0010025', 'KC SIMEULUE'),
(48, 4, 'ID0010154', 'KCP BLANGPIDIE'),
(49, 4, 'ID0010346', 'KCP KUALA SIMPANG'),
(50, 4, 'ID0010269', 'KCP MEDAN ISKANDAR MUDA'),
(51, 4, 'ID0010213', 'KCP MEDAN PETISAH'),
(52, 4, 'ID0010616', 'KCP MEDAN RINGROAD'),
(53, 4, 'ID0010090', 'KCP MEDAN SETIA BUDI'),
(54, 4, 'ID0010159', 'KCP PANGKALAN BRANDAN'),
(55, 4, 'ID0010219', 'KCP RIMO'),
(56, 4, 'ID0010158', 'KCP STABAT'),
(57, 4, 'ID0010218', 'KCP SUBULUSSALAM'),
(58, 4, 'ID0010678', 'KFO POS LANGSA'),
(59, 4, 'ID0010700', 'KK MEDAN PANCA BUDI'),
(60, 4, 'ID0010407', 'KK TAPAK TUAN'),
(61, 5, 'ID0010044', 'KC DUMAI'),
(62, 5, 'ID0010193', 'KC DURI'),
(63, 5, 'ID0010022', 'KC PEKANBARU'),
(64, 5, 'ID0010147', 'KC PEKANBARU HARAPAN RAYA'),
(65, 5, 'ID0010194', 'KCP BAGAN BATU'),
(66, 5, 'ID0010549', 'KCP BAGAN SIAPIAPI'),
(67, 5, 'ID0010504', 'KCP BANGKINANG'),
(68, 5, 'ID0010227', 'KCP BENGKALIS'),
(69, 5, 'ID0010423', 'KCP DUMAI SUKAJADI'),
(70, 5, 'ID0010508', 'KCP FLAMBOYAN'),
(71, 5, 'ID0010149', 'KCP PANGKALAN KERINCI'),
(72, 5, 'ID0010294', 'KCP PEKANBARU NANGKA'),
(73, 5, 'ID0010148', 'KCP PEKANBARU PANAM'),
(74, 5, 'ID0010446', 'KCP PEKANBARU SUDIRMAN'),
(75, 5, 'ID0010550', 'KCP RENGAT'),
(76, 5, 'ID0010546', 'KCP SELAT PANJANG'),
(77, 5, 'ID0010667', 'KCP SIAK'),
(78, 5, 'ID0010484', 'KCP TELUK KUANTAN'),
(79, 5, 'ID0010150', 'KCP TEMBILAHAN'),
(80, 5, 'ID0010293', 'KCP UJUNG BATU'),
(81, 5, 'ID0010477', 'KCP UJUNG TANJUNG'),
(82, 5, 'ID0010838', 'KFO MITRA MANDIRI PEKANBARU AHMAD YANI'),
(83, 5, 'ID0010756', 'KK DURI CPI'),
(84, 5, 'ID0010618', 'KK PASIR PANGARAIAN'),
(85, 5, 'ID0010402', 'KK PEKANBARU RUMBAI'),
(86, 5, 'ID0010722', 'KK PEKANBARU UIR'),
(87, 6, 'ID0010539', 'KC KABANJAHE'),
(88, 6, 'ID0010043', 'KC PADANGSIDEMPUAN'),
(89, 6, 'ID0010049', 'KC PEMATANGSIANTAR'),
(90, 6, 'ID0010030', 'KC RANTAU PRAPAT'),
(91, 6, 'ID0010356', 'KC SIBOLGA'),
(92, 6, 'ID0010306', 'KCP AEK KANOPAN'),
(93, 6, 'ID0010442', 'KCP BATANG TORU'),
(94, 6, 'ID0010327', 'KCP GUNUNG TUA'),
(95, 6, 'ID0010333', 'KCP INDRAPURA'),
(96, 6, 'ID0010481', 'KCP KAMPUNG PAJAK'),
(97, 6, 'ID0010204', 'KCP KISARAN'),
(98, 6, 'ID0010223', 'KCP KOTA PINANG'),
(99, 6, 'ID0010191', 'KCP PANYABUNGAN'),
(100, 6, 'ID0010192', 'KCP SIBUHUAN'),
(101, 6, 'ID0010205', 'KCP SIMALUNGUN PERDAGANGAN'),
(102, 6, 'ID0010328', 'KCP SIPIROK'),
(103, 6, 'ID0010206', 'KCP TANJUNG BALAI'),
(104, 6, 'ID0010087', 'KCP TEBING TINGGI'),
(105, 7, 'ID0010180', 'KC BANDAR JAYA'),
(106, 7, 'ID0010037', 'KC BANDAR LAMPUNG'),
(107, 7, 'ID0010181', 'KC METRO'),
(108, 7, 'ID0010183', 'KCP BANDAR LAMPUNG KEDATON'),
(109, 7, 'ID0010411', 'KCP BANDAR LAMPUNG TELUK BETUNG'),
(110, 7, 'ID0010489', 'KCP KALIANDA'),
(111, 7, 'ID0010490', 'KCP KOTABUMI'),
(112, 7, 'ID0010643', 'KCP LIWA'),
(113, 7, 'ID0010182', 'KCP PRINGSEWU'),
(114, 7, 'ID0010316', 'KCP UNIT 2 TULANG BAWANG'),
(115, 7, 'ID0010837', 'KFO MITRA MANDIRI BANDAR LAMPUNG WR. SUPRATMAN'),
(116, 7, 'ID0010627', 'KK KALIREJO'),
(117, 7, 'ID0010633', 'KK SRIBHAWONO'),
(118, 8, 'ID0010056', 'KC BENGKULU'),
(119, 8, 'ID0010032', 'KC JAMBI'),
(120, 8, 'ID0010341', 'KCP BELITANG'),
(121, 8, 'ID0010209', 'KCP CURUP'),
(122, 8, 'ID0010437', 'KCP JAMBI JELUTUNG'),
(123, 8, 'ID0010168', 'KCP JAMBI SIPIN'),
(124, 8, 'ID0010649', 'KCP KETAHUN'),
(125, 8, 'ID0010527', 'KCP KUALA TUNGKAL'),
(126, 8, 'ID0010645', 'KCP MUARA BULIAN'),
(127, 8, 'ID0010167', 'KCP MUARA BUNGO'),
(128, 8, 'ID0010310', 'KCP SAROLANGUN'),
(129, 8, 'ID0010841', 'KFO POS JAMBI'),
(130, 8, 'ID0010602', 'KK JAMBI IAIN STS'),
(131, 9, 'ID0010039', 'KC BUKITTINGGI'),
(132, 9, 'ID0010027', 'KC PADANG'),
(133, 9, 'ID0010186', 'KC PAYAKUMBUH'),
(134, 9, 'ID0010385', 'KCP BATUSANGKAR'),
(135, 9, 'ID0010538', 'KCP BUKITTINGGI PASAR AUR'),
(136, 9, 'ID0010320', 'KCP LUBUK BASUNG'),
(137, 9, 'ID0010465', 'KCP LUBUK SIKAPING'),
(138, 9, 'ID0010221', 'KCP PADANG BANDAR BUAT'),
(139, 9, 'ID0010225', 'KCP PADANG PANJANG'),
(140, 9, 'ID0010222', 'KCP PADANG PARIAMAN'),
(141, 9, 'ID0010220', 'KCP PADANG ULAK KARANG'),
(142, 9, 'ID0010496', 'KCP PAINAN'),
(143, 9, 'ID0010640', 'KCP PANGKALAN'),
(144, 9, 'ID0010226', 'KCP PASAMAN BARAT'),
(145, 9, 'ID0010300', 'KCP PULAU PUNJUNG'),
(146, 9, 'ID0010615', 'KCP SAWAHLUNTO'),
(147, 9, 'ID0010157', 'KCP SOLOK'),
(148, 9, 'ID0010690', 'KFO POS PADANG'),
(149, 9, 'ID0010400', 'KK PADANG UNIVERSITAS ANDALAS'),
(150, 9, 'ID0010581', 'KK TANJUNG PATI'),
(151, 9, 'ID0010592', 'KK UNIVERSITAS NEGERI PADANG'),
(152, 10, 'ID0010138', 'KC BATURAJA'),
(153, 10, 'ID0010019', 'KC PALEMBANG'),
(154, 10, 'ID0010139', 'KC PALEMBANG PASAR 16 ILIR'),
(155, 10, 'ID0010140', 'KC PALEMBANG SIMPANG PATAL'),
(156, 10, 'ID0010063', 'KC PANGKAL PINANG'),
(157, 10, 'ID0010137', 'KC PRABUMULIH'),
(158, 10, 'ID0010290', 'KCP KAYU AGUNG'),
(159, 10, 'ID0010335', 'KCP LAHAT'),
(160, 10, 'ID0010141', 'KCP LUBUK LINGGAU'),
(161, 10, 'ID0010585', 'KCP PALEMBANG JAKABARING'),
(162, 10, 'ID0010240', 'KCP PALEMBANG KM 5'),
(163, 10, 'ID0010239', 'KCP PALEMBANG RADIAL'),
(164, 10, 'ID0010443', 'KCP PALEMBANG SUDIRMAN'),
(165, 10, 'ID0010638', 'KCP SUNGAI LIAT'),
(166, 10, 'ID0010291', 'KCP SUNGAI LILIN'),
(167, 10, 'ID0010559', 'KCP TANJUNG ENIM'),
(168, 10, 'ID0010352', 'KCP TANJUNG PANDAN'),
(169, 11, 'ID0010007', 'KC BEKASI'),
(170, 11, 'ID0010081', 'KC BEKASI CIKARANG'),
(171, 11, 'ID0010509', 'KCP BEKASI HARAPAN INDAH'),
(172, 11, 'ID0010265', 'KCP BEKASI KALIMALANG'),
(173, 11, 'ID0010086', 'KCP BEKASI TAMBUN'),
(174, 11, 'ID0010085', 'KCP BEKASI TIMUR'),
(175, 11, 'ID0010084', 'KCP CIKAMPEK'),
(176, 11, 'ID0010264', 'KCP CIKARANG JABABEKA'),
(177, 11, 'ID0010083', 'KCP KARAWANG'),
(178, 11, 'ID0010682', 'KFO POS BEKASI'),
(179, 12, 'ID0010017', 'KC BOGOR'),
(180, 12, 'ID0010127', 'KC CIBINONG'),
(181, 12, 'ID0010046', 'KC DEPOK'),
(182, 12, 'ID0010132', 'KCP BOGOR CITEUREUP'),
(183, 12, 'ID0010129', 'KCP BOGOR DRAMAGA'),
(184, 12, 'ID0010131', 'KCP BOGOR JALAN BARU'),
(185, 12, 'ID0010130', 'KCP BOGOR MERDEKA'),
(186, 12, 'ID0010288', 'KCP BOGOR POMAD'),
(187, 12, 'ID0010552', 'KCP BOGOR SENTUL'),
(188, 12, 'ID0010420', 'KCP BOGOR SUDIRMAN'),
(189, 12, 'ID0010128', 'KCP BOGOR TAJUR'),
(190, 12, 'ID0010271', 'KCP CIPANAS'),
(191, 12, 'ID0010199', 'KCP DEPOK CIMANGGIS'),
(192, 12, 'ID0010078', 'KCP DEPOK CINERE'),
(193, 12, 'ID0010201', 'KCP DEPOK DUA'),
(194, 12, 'ID0010386', 'KCP DEPOK FMIPA - UI'),
(195, 12, 'ID0010329', 'KCP DEPOK KELAPA DUA'),
(196, 12, 'ID0010198', 'KCP DEPOK MARGONDA'),
(197, 12, 'ID0010330', 'KCP DEPOK NUSANTARA'),
(198, 12, 'ID0010200', 'KCP DEPOK SAWANGAN'),
(199, 12, 'ID0010684', 'KFO POS BOGOR'),
(200, 12, 'ID0010680', 'KFO POS CIBINONG'),
(201, 12, 'ID0010626', 'KK BOGOR WARUNG JAMBU'),
(202, 13, 'ID0010069', 'KC JAKARTA CIPULIR'),
(203, 13, 'ID0010003', 'KC JAKARTA HASANUDIN'),
(204, 13, 'ID0010006', 'KC JAKARTA PONDOK INDAH'),
(205, 13, 'ID0010379', 'KC JAKARTA SUDIRMAN'),
(206, 13, 'ID0010005', 'KC JAKARTA WARUNG BUNCIT'),
(207, 13, 'ID0010635', 'KCP JAKARTA BARITO'),
(208, 13, 'ID0010071', 'KCP JAKARTA BENDUNGAN HILIR'),
(209, 13, 'ID0010080', 'KCP JAKARTA CILANDAK'),
(210, 13, 'ID0010067', 'KCP JAKARTA FATMAWATI'),
(211, 13, 'ID0010517', 'KCP JAKARTA JOGLO'),
(212, 13, 'ID0010332', 'KCP JAKARTA KEBAYORAN LAMA'),
(213, 13, 'ID0010260', 'KCP JAKARTA KEMANG'),
(214, 13, 'ID0010429', 'KCP JAKARTA MENTENG'),
(215, 13, 'ID0010229', 'KCP JAKARTA PANGLIMA POLIM'),
(216, 13, 'ID0010074', 'KCP JAKARTA PASAR MINGGU'),
(217, 13, 'ID0010630', 'KCP JAKARTA PEJATEN RAYA'),
(218, 13, 'ID0010076', 'KCP JAKARTA PONDOK LABU'),
(219, 13, 'ID0010432', 'KCP JAKARTA PONDOK PINANG'),
(220, 13, 'ID0010463', 'KCP JAKARTA RADIO DALAM'),
(221, 13, 'ID0010523', 'KCP JAKARTA SIMPRUG'),
(222, 13, 'ID0010551', 'KCP JAKARTA SULTAN ISKANDAR MUDA'),
(223, 13, 'ID0010658', 'KCP JAKARTA TENDEAN'),
(224, 13, 'ID0010068', 'KCP JAKARTA WOLTERMONGINSIDI'),
(225, 13, 'ID0010715', 'KFO MITRA MANDIRI ANEKA TAMBANG'),
(226, 13, 'ID0010734', 'KFO POS FATMAWATI'),
(227, 13, 'ID0010387', 'KK JAKARTA AL AZHAR KEBAYORAN'),
(228, 13, 'ID0010839', 'KK JAKARTA MENARA 165'),
(229, 13, 'ID0010391', 'KK JAKARTA PLAZA MANDIRI'),
(230, 13, 'ID0010426', 'KLS JAKARTA DEPTAN'),
(231, 13, 'ID0010428', 'KLS JAKARTA GD. PUSAT KEHUTANAN'),
(232, 14, 'ID0010363', 'KC JAKARTA CENGKARENG'),
(233, 14, 'ID0010045', 'KC JAKARTA KEBON JERUK'),
(234, 14, 'ID0010133', 'KC TANGERANG CILEDUG'),
(235, 14, 'ID0010197', 'KCP JAKARTA DURI KOSAMBI'),
(236, 14, 'ID0010232', 'KCP JAKARTA KALIDERES'),
(237, 14, 'ID0010195', 'KCP JAKARTA KEDOYA'),
(238, 14, 'ID0010660', 'KCP JAKARTA MERUYA'),
(239, 14, 'ID0010435', 'KCP JAKARTA S. PARMAN'),
(240, 14, 'ID0010196', 'KCP JAKARTA TANJUNG DUREN'),
(241, 14, 'ID0010656', 'KCP TANGERANG KARANG TENGAH'),
(242, 15, 'ID0010058', 'KC JAKARTA KELAPA GADING'),
(243, 15, 'ID0010144', 'KC JAKARTA MANGGA DUA'),
(244, 15, 'ID0010669', 'KC JAKARTA PLUIT'),
(245, 15, 'ID0010035', 'KC JAKARTA RAWAMANGUN'),
(246, 15, 'ID0010021', 'KC JAKARTA TANJUNG PRIOK'),
(247, 15, 'ID0010173', 'KCP JAKARTA CAKUNG'),
(248, 15, 'ID0010109', 'KCP JAKARTA CEMPAKA PUTIH'),
(249, 15, 'ID0010275', 'KCP JAKARTA CIKINI'),
(250, 15, 'ID0010553', 'KCP JAKARTA CIPINANG JAYA'),
(251, 15, 'ID0010671', 'KCP JAKARTA GADING BOULEVARD'),
(252, 15, 'ID0010233', 'KCP JAKARTA GADING ORCHARD'),
(253, 15, 'ID0010175', 'KCP JAKARTA KLENDER'),
(254, 15, 'ID0010145', 'KCP JAKARTA KRAMAT JAYA'),
(255, 15, 'ID0010571', 'KCP JAKARTA KRAMAT RAYA'),
(256, 15, 'ID0010231', 'KCP JAKARTA MUARA KARANG'),
(257, 15, 'ID0010314', 'KCP JAKARTA PULO GADUNG'),
(258, 15, 'ID0010212', 'KCP JAKARTA RAWASARI'),
(259, 15, 'ID0010146', 'KCP JAKARTA SUNTER'),
(260, 15, 'ID0010686', 'KFO POS JAKARTA TIMUR'),
(261, 15, 'ID0010679', 'KFO POS JAKARTA UTARA'),
(262, 15, 'ID0010461', 'KK JAKARTA PENGADILAN AGAMA'),
(263, 15, 'ID0010393', 'KK JAKARTA RSIJ CEMPAKA PUTIH'),
(264, 16, 'ID0010020', 'KC CILEGON'),
(265, 16, 'ID0010004', 'KC JAKARTA MAYESTIK'),
(266, 16, 'ID0010142', 'KC SERANG'),
(267, 16, 'ID0010018', 'KC TANGERANG'),
(268, 16, 'ID0010077', 'KC TANGERANG BINTARO'),
(269, 16, 'ID0010075', 'KC TANGERANG CIPUTAT'),
(270, 16, 'ID0010292', 'KCP LABUAN'),
(271, 16, 'ID0010143', 'KCP LEBAK BANTEN'),
(272, 16, 'ID0010401', 'KCP PANDEGLANG'),
(273, 16, 'ID0010629', 'KCP PONDOK CILEGON INDAH'),
(274, 16, 'ID0010347', 'KCP SERANG CIKANDE'),
(275, 16, 'ID0010583', 'KCP SERANG TIMUR'),
(276, 16, 'ID0010289', 'KCP TANGERANG BALARAJA'),
(277, 16, 'ID0010343', 'KCP TANGERANG BINTARO SEKTOR III'),
(278, 16, 'ID0010134', 'KCP TANGERANG BSD'),
(279, 16, 'ID0010136', 'KCP TANGERANG CIKUPA'),
(280, 16, 'ID0010230', 'KCP TANGERANG CIMONE'),
(281, 16, 'ID0010262', 'KCP TANGERANG CIRENDEU'),
(282, 16, 'ID0010522', 'KCP TANGERANG GRAHA RAYA'),
(283, 16, 'ID0010657', 'KCP TANGERANG KARAWACI'),
(284, 16, 'ID0010135', 'KCP TANGERANG MALABAR'),
(285, 16, 'ID0010079', 'KCP TANGERANG PAMULANG'),
(286, 16, 'ID0010689', 'KFO POS SERANG'),
(287, 16, 'ID0010732', 'KFO POS TANGERANG'),
(288, 16, 'ID0010681', 'KFO POS TANGERANG CIPUTAT'),
(289, 16, 'ID0010619', 'KK JAKARTA MASJID JAMI BINTARO JAYA'),
(290, 16, 'ID0010457', 'KK TANGERANG KEBON NANAS'),
(291, 17, 'ID0010082', 'KC BEKASI PONDOK GEDE'),
(292, 17, 'ID0010072', 'KC JAKARTA CIBUBUR'),
(293, 17, 'ID0010372', 'KC JAKARTA KALIBATA'),
(294, 17, 'ID0010061', 'KC JAKARTA PONDOK KELAPA'),
(295, 17, 'ID0010515', 'KCP BEKASI JATIASIH'),
(296, 17, 'ID0010516', 'KCP BEKASI JATIBENING'),
(297, 17, 'ID0010263', 'KCP BEKASI KEMANG PRATAMA'),
(298, 17, 'ID0010073', 'KCP JAKARTA CILILITAN'),
(299, 17, 'ID0010261', 'KCP JAKARTA CIRACAS'),
(300, 17, 'ID0010177', 'KCP JAKARTA DEWI SARTIKA'),
(301, 17, 'ID0010422', 'KCP JAKARTA GANDARIA'),
(302, 17, 'ID0010433', 'KCP JAKARTA PANGKALAN JATI'),
(303, 17, 'ID0010174', 'KCP JAKARTA PONDOK BAMBU'),
(304, 17, 'ID0010434', 'KCP JAKARTA PS. REBO'),
(305, 17, 'ID0010685', 'KFO POS BEKASI PONDOK GEDE'),
(306, 17, 'ID0010424', 'KK BOGOR KOTA WISATA'),
(307, 18, 'ID0010376', 'KC JAKARTA HAYAM WURUK'),
(308, 18, 'ID0010169', 'KC JAKARTA JATINEGARA'),
(309, 18, 'ID0010033', 'KC JAKARTA SAHARJO'),
(310, 18, 'ID0010002', 'KC JAKARTA THAMRIN'),
(311, 18, 'ID0010276', 'KCP JAKARTA GAJAH MADA'),
(312, 18, 'ID0010430', 'KCP JAKARTA JATINEGARA TIMUR'),
(313, 18, 'ID0010603', 'KCP JAKARTA K-LINK TOWER'),
(314, 18, 'ID0010311', 'KCP JAKARTA MEGA KUNINGAN'),
(315, 18, 'ID0010110', 'KCP JAKARTA PASAR BARU'),
(316, 18, 'ID0010520', 'KCP JAKARTA PECENONGAN'),
(317, 18, 'ID0010170', 'KCP JAKARTA RASUNA SAID'),
(318, 18, 'ID0010108', 'KCP JAKARTA TANAH ABANG'),
(319, 18, 'ID0010171', 'KCP JAKARTA TEBET'),
(320, 18, 'ID0010392', 'KCP JAKARTA TOMANG'),
(321, 18, 'ID0010176', 'KCP JAKARTA UTAN KAYU'),
(322, 18, 'ID0010714', 'KFO MITRA MANDIRI PASAR BARU'),
(323, 18, 'ID0010683', 'KFO POS JAKARTA PUSAT'),
(324, 18, 'ID0010733', 'KFO POS JATINEGARA'),
(325, 18, 'ID0010388', 'KK JAKARTA DEPARTEMEN AGAMA'),
(326, 18, 'ID0010650', 'KK JAKARTA GRAHA MANDIRI'),
(327, 18, 'ID0010389', 'KK JAKARTA INDOSAT'),
(328, 18, 'ID0010394', 'KK JAKARTA TRISAKTI'),
(329, 19, 'ID0010357', 'KC BANDUNG AHMAD YANI'),
(330, 19, 'ID0010092', 'KC CIANJUR'),
(331, 19, 'ID0010091', 'KC CIMAHI'),
(332, 19, 'ID0010050', 'KC PURWAKARTA'),
(333, 19, 'ID0010093', 'KC SUKABUMI'),
(334, 19, 'ID0010336', 'KCP CICURUG'),
(335, 19, 'ID0010573', 'KCP CIMAHI BAROS'),
(336, 19, 'ID0010207', 'KCP SUBANG'),
(337, 19, 'ID0010334', 'KCP SUBANG PAMANUKAN'),
(338, 19, 'ID0010644', 'KCP SUKABUMI CIBADAK'),
(339, 19, 'ID0010488', 'KCP SUKABUMI SURADE'),
(340, 19, 'ID0010695', 'KFO POS CIANJUR'),
(341, 19, 'ID0010726', 'KFO POS SUKABUMI'),
(342, 20, 'ID0010009', 'KC BANDUNG'),
(343, 20, 'ID0010094', 'KC GARUT'),
(344, 20, 'ID0010574', 'KCP BANDUNG ANTAPANI'),
(345, 20, 'ID0010095', 'KCP BANDUNG BUAH BATU'),
(346, 20, 'ID0010358', 'KCP BANDUNG METRO MARGAHAYU'),
(347, 20, 'ID0010414', 'KCP BANDUNG MOH. TOHA'),
(348, 20, 'ID0010272', 'KCP BANDUNG PAJAJARAN'),
(349, 20, 'ID0010360', 'KCP BANDUNG RANCAEKEK'),
(350, 20, 'ID0010096', 'KCP BANDUNG SETIA BUDI'),
(351, 20, 'ID0010359', 'KCP BANDUNG UJUNG BERUNG'),
(352, 20, 'ID0010556', 'KCP GARUT KADUNGORA'),
(353, 20, 'ID0010608', 'KCP JATINANGOR'),
(354, 20, 'ID0010097', 'KCP SUMEDANG'),
(355, 20, 'ID0010691', 'KFO POS BANDUNG'),
(356, 20, 'ID0010735', 'KFO POS GARUT'),
(357, 20, 'ID0010381', 'KK BANDUNG JAPATI'),
(358, 20, 'ID0010637', 'KK BANDUNG RS AL ISLAM'),
(359, 21, 'ID0010024', 'KC CIREBON'),
(360, 21, 'ID0010042', 'KC TASIKMALAYA'),
(361, 21, 'ID0010247', 'KCP BANJAR'),
(362, 21, 'ID0010190', 'KCP CIAMIS'),
(363, 21, 'ID0010325', 'KCP CIAWI'),
(364, 21, 'ID0010298', 'KCP CIREBON CILEDUG'),
(365, 21, 'ID0010241', 'KCP CIREBON PLERED'),
(366, 21, 'ID0010421', 'KCP CIREBON SILIWANGI'),
(367, 21, 'ID0010297', 'KCP INDRAMAYU'),
(368, 21, 'ID0010152', 'KCP INDRAMAYU JATIBARANG'),
(369, 21, 'ID0010560', 'KCP INDRAMAYU PATROL'),
(370, 21, 'ID0010151', 'KCP KUNINGAN'),
(371, 21, 'ID0010153', 'KCP MAJALENGKA'),
(372, 21, 'ID0010612', 'KCP TASIKMALAYA SINGAPARNA'),
(373, 21, 'ID0010460', 'KCP TEGAL ADIWERNA'),
(374, 21, 'ID0010622', 'KK CIAMIS RANCAH'),
(375, 21, 'ID0010458', 'KLS TASIKMALAYA RSUD'),
(376, 22, 'ID0010378', 'KC KENDAL'),
(377, 22, 'ID0010187', 'KC KUDUS'),
(378, 22, 'ID0010367', 'KC PATI'),
(379, 22, 'ID0010012', 'KC PEKALONGAN'),
(380, 22, 'ID0010040', 'KC SEMARANG'),
(381, 22, 'ID0010112', 'KC TEGAL'),
(382, 22, 'ID0010280', 'KCP BATANG'),
(383, 22, 'ID0010349', 'KCP BREBES'),
(384, 22, 'ID0010600', 'KCP GUBUG'),
(385, 22, 'ID0010558', 'KCP JEPARA'),
(386, 22, 'ID0010614', 'KCP MAGELANG MUNTILAN'),
(387, 22, 'ID0010578', 'KCP PEKALONGAN KAJEN'),
(388, 22, 'ID0010113', 'KCP PEMALANG'),
(389, 22, 'ID0010322', 'KCP PURWODADI'),
(390, 22, 'ID0010584', 'KCP SEMARANG BANYUMANIK'),
(391, 22, 'ID0010246', 'KCP SEMARANG KARANGAYU'),
(392, 22, 'ID0010451', 'KCP SEMARANG MT. HARYONO'),
(393, 22, 'ID0010582', 'KCP SEMARANG NGALIYAN'),
(394, 22, 'ID0010321', 'KCP SEMARANG TIMUR'),
(395, 22, 'ID0010323', 'KCP TEMANGGUNG'),
(396, 22, 'ID0010188', 'KCP UNGARAN'),
(397, 22, 'ID0010727', 'KFO POS SEMARANG'),
(398, 22, 'ID0010724', 'KFO POS TEGAL'),
(399, 22, 'ID0010445', 'KLS PEKALONGAN PEKAJANGAN'),
(400, 23, 'ID0010373', 'KC SALATIGA'),
(401, 23, 'ID0010013', 'KC SOLO'),
(402, 23, 'ID0010234', 'KCP BOYOLALI'),
(403, 23, 'ID0010235', 'KCP KARANGANYAR PALUR'),
(404, 23, 'ID0010114', 'KCP KLATEN'),
(405, 23, 'ID0010453', 'KCP SOLO NUSUKAN'),
(406, 23, 'ID0010281', 'KCP SOLO URIP SUMOHARJO'),
(407, 23, 'ID0010116', 'KCP SRAGEN'),
(408, 23, 'ID0010237', 'KCP SUKOHARJO KARTASURA'),
(409, 23, 'ID0010115', 'KCP SUKOHARJO SOLO BARU'),
(410, 23, 'ID0010406', 'KCP SURAKARTA PASAR KLEWER'),
(411, 23, 'ID0010236', 'KCP SURAKARTA PASAR KLIWON'),
(412, 23, 'ID0010238', 'KCP WONOGIRI'),
(413, 23, 'ID0010692', 'KFO POS SOLO'),
(414, 23, 'ID0010405', 'KK SOLO ASSALAAM'),
(415, 23, 'ID0010493', 'KK SURAKARTA MANAHAN'),
(416, 24, 'ID0010211', 'KC CILACAP'),
(417, 24, 'ID0010057', 'KC PURWOKERTO'),
(418, 24, 'ID0010029', 'KC YOGYAKARTA'),
(419, 24, 'ID0010594', 'KCP AJIBARANG'),
(420, 24, 'ID0010244', 'KCP AMBARUKMO'),
(421, 24, 'ID0010348', 'KCP BANJARNEGARA'),
(422, 24, 'ID0010598', 'KCP BANTUL'),
(423, 24, 'ID0010478', 'KCP CILACAP MAJENANG'),
(424, 24, 'ID0010245', 'KCP GODEAN'),
(425, 24, 'ID0010324', 'KCP GOMBONG'),
(426, 24, 'ID0010189', 'KCP MAGELANG'),
(427, 24, 'ID0010248', 'KCP PURBALINGGA'),
(428, 24, 'ID0010597', 'KCP SLEMAN'),
(429, 24, 'ID0010164', 'KCP WONOSARI'),
(430, 24, 'ID0010163', 'KCP YOGYAKARTA KALIURANG'),
(431, 24, 'ID0010243', 'KCP YOGYAKARTA KATAMSO'),
(432, 24, 'ID0010305', 'KCP YOGYAKARTA KOTAGEDE'),
(433, 24, 'ID0010577', 'KCP YOGYAKARTA WIROBRAJAN'),
(434, 24, 'ID0010736', 'KFO POS YOGYAKARTA'),
(435, 24, 'ID0010384', 'KK BANTUL'),
(436, 24, 'ID0010409', 'KK BANTUL UMY'),
(437, 24, 'ID0010408', 'KK YOGYAKARTA UII'),
(438, 25, 'ID0010053', 'KC DENPASAR'),
(439, 25, 'ID0010259', 'KC KUPANG'),
(440, 25, 'ID0010031', 'KC MATARAM'),
(441, 25, 'ID0010309', 'KCP BIMA'),
(442, 25, 'ID0010208', 'KCP BULELENG'),
(443, 25, 'ID0010340', 'KCP DENPASAR GATOT SUBROTO'),
(444, 25, 'ID0010499', 'KCP DENPASAR WR SUPRATMAN'),
(445, 25, 'ID0010397', 'KCP KUTA'),
(446, 25, 'ID0010166', 'KCP PANCOR'),
(447, 25, 'ID0010308', 'KCP PRAYA'),
(448, 25, 'ID0010165', 'KCP SUMBAWA'),
(449, 25, 'ID0010708', 'KFO MITRA BSHB GUNUNG AGUNG'),
(450, 25, 'ID0010707', 'KFO MITRA BSHB MELATI'),
(451, 25, 'ID0010709', 'KFO MITRA BSHB SUKAWATI'),
(452, 25, 'ID0010710', 'KFO MITRA BSHB TABANAN'),
(453, 25, 'ID0010711', 'KFO MITRA BSHB WATURENGGONG'),
(454, 25, 'ID0010730', 'KFO POS KUPANG'),
(455, 25, 'ID0010731', 'KFO POS MATARAM'),
(456, 26, 'ID0010060', 'KC BANYUWANGI'),
(457, 26, 'ID0010051', 'KC JEMBER'),
(458, 26, 'ID0010654', 'KCP BANYUWANGI ROGOJAMPI'),
(459, 26, 'ID0010337', 'KCP BONDOWOSO'),
(460, 26, 'ID0010351', 'KCP GENTENG'),
(461, 26, 'ID0010339', 'KCP JEMBER BALUNG'),
(462, 26, 'ID0010303', 'KCP LUMAJANG'),
(463, 26, 'ID0010161', 'KCP PROBOLINGGO'),
(464, 26, 'ID0010338', 'KCP SITUBONDO'),
(465, 26, 'ID0010694', 'KFO POS BANYUWANGI'),
(466, 26, 'ID0010729', 'KFO POS JEMBER'),
(467, 26, 'ID0010701', 'KK BANYUWANGI KETAPANG'),
(468, 26, 'ID0010605', 'KK JEMBER KALISAT'),
(469, 26, 'ID0010565', 'KK JEMBER UNIVERSITAS MUHAMMADIYAH'),
(470, 27, 'ID0010374', 'KC BLITAR'),
(471, 27, 'ID0010048', 'KC KEDIRI'),
(472, 27, 'ID0010203', 'KC MADIUN'),
(473, 27, 'ID0010028', 'KC MALANG'),
(474, 27, 'ID0010256', 'KCP KEDIRI PARE'),
(475, 27, 'ID0010255', 'KCP KEPANJEN'),
(476, 27, 'ID0010304', 'KCP LAWANG'),
(477, 27, 'ID0010590', 'KCP MAGETAN'),
(478, 27, 'ID0010162', 'KCP MALANG BATU'),
(479, 27, 'ID0010703', 'KCP MALANG PASAR BESAR'),
(480, 27, 'ID0010512', 'KCP MALANG SOEKARNO HATTA'),
(481, 27, 'ID0010659', 'KCP MALANG TUREN'),
(482, 27, 'ID0010331', 'KCP NGANJUK'),
(483, 27, 'ID0010467', 'KCP NGAWI'),
(484, 27, 'ID0010591', 'KCP PACITAN'),
(485, 27, 'ID0010302', 'KCP PANDAAN'),
(486, 27, 'ID0010350', 'KCP PONOROGO'),
(487, 27, 'ID0010529', 'KCP TRENGGALEK'),
(488, 27, 'ID0010202', 'KCP TULUNGAGUNG'),
(489, 27, 'ID0010693', 'KFO POS MALANG'),
(490, 28, 'ID0010098', 'KC SIDOARJO'),
(491, 28, 'ID0010010', 'KC SURABAYA'),
(492, 28, 'ID0010104', 'KCP JOMBANG'),
(493, 28, 'ID0010307', 'KCP KRIAN'),
(494, 28, 'ID0010101', 'KCP MOJOKERTO'),
(495, 28, 'ID0010160', 'KCP PASURUAN'),
(496, 28, 'ID0010719', 'KCP SIDOARJO SEPANJANG'),
(497, 28, 'ID0010497', 'KCP SIDOARJO WARU'),
(498, 28, 'ID0010102', 'KCP SURABAYA AMPEL'),
(499, 28, 'ID0010251', 'KCP SURABAYA DHARMAHUSADA'),
(500, 28, 'ID0010455', 'KCP SURABAYA JEMBATAN MERAH'),
(501, 28, 'ID0010492', 'KCP SURABAYA KEDUNGDORO'),
(502, 28, 'ID0010670', 'KCP SURABAYA PASAR ATOM'),
(503, 28, 'ID0010646', 'KCP SURABAYA PASAR TURI'),
(504, 28, 'ID0010105', 'KCP SURABAYA SUNGKONO'),
(505, 28, 'ID0010273', 'KCP SURABAYA TANJUNG PERAK'),
(506, 28, 'ID0010250', 'KCP SURABAYA WIYUNG'),
(507, 28, 'ID0010712', 'KFO MITRA MANDIRI KEMBANG JEPUN'),
(508, 28, 'ID0010728', 'KFO POS SURABAYA KEBON ROJO'),
(509, 28, 'ID0010501', 'KK SURABAYA UNIVERSITAS AIRLANGGA'),
(510, 29, 'ID0010100', 'KC BOJONEGORO'),
(511, 29, 'ID0010099', 'KC GRESIK'),
(512, 29, 'ID0010014', 'KC PAMEKASAN'),
(513, 29, 'ID0010106', 'KC SURABAYA JEMUR HANDAYANI'),
(514, 29, 'ID0010117', 'KCP BANGKALAN'),
(515, 29, 'ID0010498', 'KCP BOJONEGORO SUMBERREJO'),
(516, 29, 'ID0010319', 'KCP LAMONGAN'),
(517, 29, 'ID0010283', 'KCP SAMPANG'),
(518, 29, 'ID0010282', 'KCP SUMENEP'),
(519, 29, 'ID0010454', 'KCP SURABAYA KLAMPIS'),
(520, 29, 'ID0010528', 'KCP SURABAYA RUNGKUT'),
(521, 29, 'ID0010103', 'KCP TUBAN'),
(522, 29, 'ID0010604', 'KK BOJONEGORO PONPES ATTANWIR'),
(523, 30, 'ID0010023', 'KC BALIKPAPAN'),
(524, 30, 'ID0010178', 'KC BONTANG'),
(525, 30, 'ID0010041', 'KC KUTAI KARTANEGARA'),
(526, 30, 'ID0010036', 'KC SAMARINDA'),
(527, 30, 'ID0010296', 'KCP BALIKPAPAN BARU'),
(528, 30, 'ID0010410', 'KCP BALIKPAPAN KEBUN SAYUR'),
(529, 30, 'ID0010295', 'KCP BALIKPAPAN SEPINGGAN'),
(530, 30, 'ID0010535', 'KCP KUTAI SENDAWAR'),
(531, 30, 'ID0010642', 'KCP KUTAI TENGGARONG SEBERANG'),
(532, 30, 'ID0010648', 'KCP NUNUKAN'),
(533, 30, 'ID0010315', 'KCP PAHLAWAN'),
(534, 30, 'ID0010541', 'KCP PENAJAM'),
(535, 30, 'ID0010450', 'KCP SAMARINDA HASAN BASRI'),
(536, 30, 'ID0010576', 'KCP SAMARINDA SUDIRMAN'),
(537, 30, 'ID0010326', 'KCP SANGATTA'),
(538, 30, 'ID0010179', 'KCP TARAKAN'),
(539, 30, 'ID0010696', 'KFO POS BALIKPAPAN'),
(540, 31, 'ID0010016', 'KC BANJARMASIN'),
(541, 31, 'ID0010123', 'KC MARTAPURA'),
(542, 31, 'ID0010066', 'KC PALANGKARAYA'),
(543, 31, 'ID0010368', 'KC PANGKALAN BUN'),
(544, 31, 'ID0010462', 'KC SAMPIT'),
(545, 31, 'ID0010377', 'KC TANJUNG'),
(546, 31, 'ID0010532', 'KCP AMUNTAI'),
(547, 31, 'ID0010124', 'KCP BANJARMASIN A. YANI'),
(548, 31, 'ID0010253', 'KCP BANJARMASIN PS. CEMPAKA'),
(549, 31, 'ID0010254', 'KCP BANJARMASIN SENTRA ANTASARI'),
(550, 31, 'ID0010126', 'KCP BARABAI'),
(551, 31, 'ID0010125', 'KCP BATULICIN'),
(552, 31, 'ID0010479', 'KCP KAPUAS'),
(553, 31, 'ID0010287', 'KCP KOTABARU'),
(554, 31, 'ID0010636', 'KCP MUARA TEWEH'),
(555, 31, 'ID0010286', 'KCP PELAIHARI'),
(556, 31, 'ID0010697', 'KFO POS BANJARMASIN'),
(557, 31, 'ID0010382', 'KK BANJARBARU'),
(558, 31, 'ID0010415', 'KK BANJARMASIN HASAN BASRI'),
(559, 31, 'ID0010383', 'KK BANJARMASIN S. PARMAN'),
(560, 31, 'ID0010625', 'KK BANJARMASIN SD MUHAMMADIYAH'),
(561, 31, 'ID0010416', 'KK BANJARMASIN STIMIK'),
(562, 32, 'ID0010155', 'KC KETAPANG'),
(563, 32, 'ID0010026', 'KC PONTIANAK'),
(564, 32, 'ID0010370', 'KC SAMBAS'),
(565, 32, 'ID0010548', 'KC SINGKAWANG'),
(566, 32, 'ID0010491', 'KCP KETAPANG MANIS MATA'),
(567, 32, 'ID0010242', 'KCP NANGA PINOH'),
(568, 32, 'ID0010403', 'KCP PONTIANAK AHMAD YANI'),
(569, 32, 'ID0010299', 'KCP PONTIANAK KOTA'),
(570, 32, 'ID0010447', 'KCP PONTIANAK SUNGAI JAWI'),
(571, 32, 'ID0010525', 'KCP SANGGAU'),
(572, 32, 'ID0010156', 'KCP SINTANG'),
(573, 32, 'ID0010606', 'KK PONTIANAK TANJUNG RAYA'),
(574, 33, 'ID0010054', 'KC JAYAPURA'),
(575, 33, 'ID0010258', 'KC SORONG'),
(576, 33, 'ID0010344', 'KCP JAYAPURA ABEPURA'),
(577, 33, 'ID0010395', 'KCP JAYAPURA SENTANI'),
(578, 34, 'ID0010354', 'KC AMBON'),
(579, 34, 'ID0010118', 'KC BONE'),
(580, 34, 'ID0010366', 'KC KENDARI'),
(581, 34, 'ID0010015', 'KC MAKASSAR'),
(582, 34, 'ID0010065', 'KC MAMUJU'),
(583, 34, 'ID0010704', 'KCP AMBON DIPONEGORO'),
(584, 34, 'ID0010668', 'KCP BAUBAU'),
(585, 34, 'ID0010717', 'KCP BULA'),
(586, 34, 'ID0010120', 'KCP BULUKUMBA'),
(587, 34, 'ID0010579', 'KCP GOWA'),
(588, 34, 'ID0010440', 'KCP MAKASSAR AHMAD YANI'),
(589, 34, 'ID0010119', 'KCP MAKASSAR PANAKUKKANG'),
(590, 34, 'ID0010285', 'KCP MAKASSAR TAMALANREA'),
(591, 34, 'ID0010466', 'KCP MAROS'),
(592, 34, 'ID0010122', 'KCP PALOPO'),
(593, 34, 'ID0010121', 'KCP PARE PARE'),
(594, 34, 'ID0010542', 'KCP POLEWALI'),
(595, 34, 'ID0010284', 'KCP SENGKANG'),
(596, 34, 'ID0010840', 'KFO MITRA MANDIRI BONE WATAMPONE'),
(597, 34, 'ID0010713', 'KFO MITRA MANDIRI SULAWESI MAKASSAR'),
(598, 34, 'ID0010836', 'KFO POS KENDARI'),
(599, 34, 'ID0010737', 'KFO POS MAKASSAR'),
(600, 34, 'ID0010380', 'KK MAKASSAR UNISMUH'),
(601, 35, 'ID0010062', 'KC GORONTALO'),
(602, 35, 'ID0010184', 'KC LUWUK'),
(603, 35, 'ID0010052', 'KC MANADO'),
(604, 35, 'ID0010038', 'KC PALU'),
(605, 35, 'ID0010064', 'KC TERNATE'),
(606, 35, 'ID0010596', 'KCP AMPANA'),
(607, 35, 'ID0010705', 'KCP BACAN'),
(608, 35, 'ID0010257', 'KCP BITUNG'),
(609, 35, 'ID0010464', 'KCP KOTAMOBAGU'),
(610, 35, 'ID0010398', 'KCP MANADO PASAR 45'),
(611, 35, 'ID0010318', 'KCP MOROWALI'),
(612, 35, 'ID0010317', 'KCP PALU PLAZA'),
(613, 35, 'ID0010444', 'KCP PALU TADULAKO'),
(614, 35, 'ID0010185', 'KCP PARIGI MOUTONG'),
(615, 35, 'ID0010601', 'KCP POSO'),
(616, 35, 'ID0010536', 'KCP SIGI'),
(617, 35, 'ID0010511', 'KCP TOLITOLI'),
(618, 35, 'ID0010835', 'KFO POS GORONTALO'),
(619, 35, 'ID0010723', 'KFO POS MANADO');

-- --------------------------------------------------------

--
-- Table structure for table `wilayah`
--

CREATE TABLE `wilayah` (
  `id` int(11) NOT NULL,
  `kode_wilayah` varchar(255) NOT NULL,
  `nama_wilayah` varchar(255) NOT NULL
) ENGINE=InnoDB DEFAULT CHARSET=latin1;

--
-- Dumping data for table `wilayah`
--

INSERT INTO `wilayah` (`id`, `kode_wilayah`, `nama_wilayah`) VALUES
(1, 'ID0010468', 'I'),
(2, 'ID0010865', 'II'),
(3, 'ID0010469', 'III'),
(4, 'ID0010470', 'IV'),
(5, 'ID0010471', 'V'),
(6, 'ID0010866', 'VI'),
(7, 'ID0010611', 'VII');

--
-- Indexes for dumped tables
--

--
-- Indexes for table `area`
--
ALTER TABLE `area`
  ADD PRIMARY KEY (`id`);

--
-- Indexes for table `cabang`
--
ALTER TABLE `cabang`
  ADD PRIMARY KEY (`id`);

--
-- Indexes for table `wilayah`
--
ALTER TABLE `wilayah`
  ADD PRIMARY KEY (`id`);

--
-- AUTO_INCREMENT for dumped tables
--

--
-- AUTO_INCREMENT for table `area`
--
ALTER TABLE `area`
  MODIFY `id` int(11) NOT NULL AUTO_INCREMENT, AUTO_INCREMENT=36;
--
-- AUTO_INCREMENT for table `cabang`
--
ALTER TABLE `cabang`
  MODIFY `id` int(11) NOT NULL AUTO_INCREMENT, AUTO_INCREMENT=620;
--
-- AUTO_INCREMENT for table `wilayah`
--
ALTER TABLE `wilayah`
  MODIFY `id` int(11) NOT NULL AUTO_INCREMENT, AUTO_INCREMENT=8;
/*!40101 SET CHARACTER_SET_CLIENT=@OLD_CHARACTER_SET_CLIENT */;
/*!40101 SET CHARACTER_SET_RESULTS=@OLD_CHARACTER_SET_RESULTS */;
/*!40101 SET COLLATION_CONNECTION=@OLD_COLLATION_CONNECTION */;
